{"cameraMode":{"drawMode":0,"name":"Shaded","section":"Shading Mode"},"sceneLighting":true,"audioPlay":false,"sceneViewState":{"showFog":true,"showMaterialUpdate":false,"showSkybox":true,"showFlares":true,"showImageEffects":true,"showParticleSystems":true},"in2DMode":false,"pivot":{"x":-0.07118094712495804,"y":2.7556967735290529,"z":3.4786508083343508},"rotation":{"x":-0.1676422655582428,"y":0.12444330751895905,"z":-0.021337153390049936,"w":-0.9777296781539917},"size":16.644346237182618,"orthographic":false}